,Area,FT_OA/dCO,FT_OA/dCO.STD,BL_OA/dCO,BL_OA/dCO.STD
0,15S - 7S,153.6000993516242,4.7110958588532075,66.48815196258474,17.365508664663967
1,7S - 2S,98.08644362196253,4.884288574908099,30.37581163567843,9.479292105968588
2,2S - 1N,129.14524573676061,4.571007697983917,107.52017748897526,5.235388489316571
