,Area,FT_BC/dCO,FT_BC/dCO.STD,BL_BC/dCO,BL_BC/dCO.STD
0,15S - 7S,14.379712751090649,0.10171986317734018,50.5095689632538,11.671024252901313
1,7S - 2S,15.04749431621872,0.07156229276606338,,
2,2S - 1N,17.38306543583587,0.09625221614245584,10.756796876810897,2.0036908027134315
