,Area,FT_OA/dCO,FT_OA/dCO.STD,BL_OA/dCO,BL_OA/dCO.STD
0,15S - 7S,142.63593642689008,3.155496328533065,,
1,7S - 2S,99.85748015069888,5.001529401774068,22.01729800220275,2.2807888834440804
2,2S - 1N,129.397885938629,4.5711922911342,1000.0,1.020900647179389e-308
