,Area,FT_OA/dCO,FT_OA/dCO.STD,BL_OA/dCO,BL_OA/dCO.STD
0,15S - 7S,153.6000993516242,4.7110958588532075,,
1,7S - 2S,98.08644362196253,4.884288574908099,22.01281361727958,2.2807885238301506
2,2S - 1N,129.14524573676061,4.571007697983917,,
